target,model,r2_mean,r2_std,rmse_mean,mae_mean
systolic_change,Random Forest,0.41767387707855186,0.071296436262054,3.174628041453939,2.557011713747646
systolic_change,XGBoost,0.28620899889994444,0.10569952654806415,3.5072367708636696,2.765218259813422
systolic_change,Ridge Regression,0.23438520628058632,0.14622348828597478,3.6255016445732395,2.878406243357488
systolic_change,Linear Regression,0.22269667671402357,0.1475938426686714,3.653413230874645,2.8990199608700262
diastolic_change,Random Forest,0.321063419846569,0.10880361952770952,2.093653124276386,1.66970406779661
diastolic_change,XGBoost,0.16446142327256003,0.08429551579582868,2.3315242018989,1.852371686464565
diastolic_change,Ridge Regression,0.1423079484733576,0.2639210557043953,2.3229489379056694,1.860663708746058
diastolic_change,Linear Regression,0.13224420233990825,0.27127872399556047,2.335351393842928,1.8704400495505502
